State,District,Subdistt,Town/Village,Ward,EB,Level,Name,TRU,No_HH,TOT_P,TOT_M,TOT_F,P_06,M_06,F_06,P_SC,M_SC,F_SC,P_ST,M_ST,F_ST,P_LIT,M_LIT,F_LIT,P_ILL,M_ILL,F_ILL,TOT_WORK_P,TOT_WORK_M,TOT_WORK_F,MAINWORK_P,MAINWORK_M,MAINWORK_F,MAIN_CL_P,MAIN_CL_M,MAIN_CL_F,MAIN_AL_P,MAIN_AL_M,MAIN_AL_F,MAIN_HH_P,MAIN_HH_M,MAIN_HH_F,MAIN_OT_P,MAIN_OT_M,MAIN_OT_F,MARGWORK_P,MARGWORK_M,MARGWORK_F,MARG_CL_P,MARG_CL_M,MARG_CL_F,MARG_AL_P,MARG_AL_M,MARG_AL_F,MARG_HH_P,MARG_HH_M,MARG_HH_F,MARG_OT_P,MARG_OT_M,MARG_OT_F,MARGWORK_3_6_P,MARGWORK_3_6_M,MARGWORK_3_6_F,MARG_CL_3_6_P,MARG_CL_3_6_M,MARG_CL_3_6_F,MARG_AL_3_6_P,MARG_AL_3_6_M,MARG_AL_3_6_F,MARG_HH_3_6_P,MARG_HH_3_6_M,MARG_HH_3_6_F,MARG_OT_3_6_P,MARG_OT_3_6_M,MARG_OT_3_6_F,MARGWORK_0_3_P,MARGWORK_0_3_M,MARGWORK_0_3_F,MARG_CL_0_3_P,MARG_CL_0_3_M,MARG_CL_0_3_F,MARG_AL_0_3_P,MARG_AL_0_3_M,MARG_AL_0_3_F,MARG_HH_0_3_P,MARG_HH_0_3_M,MARG_HH_0_3_F,MARG_OT_0_3_P,MARG_OT_0_3_M,MARG_OT_0_3_F,NON_WORK_P,NON_WORK_M,NON_WORK_F
05,056,00278,000000,0000,000000,SUB-DISTRICT,Puraula,Total,6521,33792,17106,16686,4884,2518,2366,11874,5959,5915,663,267,396,21319,12636,8683,12473,4470,8003,15590,8141,7449,13752,7400,6352,11533,5677,5856,252,148,104,99,78,21,1868,1497,371,1838,741,1097,1553,569,984,137,79,58,21,12,9,127,81,46,1185,523,662,967,399,568,100,53,47,14,9,5,104,62,42,653,218,435,586,170,416,37,26,11,7,3,4,23,19,4,18202,8965,9237
05,056,00279,000000,0000,000000,SUB-DISTRICT,Mori,Total,7473,40491,20840,19651,6673,3437,3236,12009,6174,5835,109,58,51,21523,13311,8212,18968,7529,11439,21385,11559,9826,18950,10617,8333,16262,8711,7551,824,535,289,153,89,64,1711,1282,429,2435,942,1493,1843,646,1197,362,174,188,54,25,29,176,97,79,1737,602,1135,1256,366,890,320,152,168,24,9,15,137,75,62,698,340,358,587,280,307,42,22,20,30,16,14,39,22,17,19106,9281,9825
05,056,00280,000000,0000,000000,SUB-DISTRICT,Rajgarhi,Total,13612,70564,35964,34600,10461,5434,5027,19522,9949,9573,489,231,258,44731,26713,18018,25833,9251,16582,34526,17918,16608,29299,15834,13465,23726,11814,11912,582,346,236,465,257,208,4526,3417,1109,5227,2084,3143,3533,1268,2265,358,143,215,329,170,159,1007,503,504,4099,1555,2544,2681,889,1792,319,124,195,168,85,83,931,457,474,1128,529,599,852,379,473,39,19,20,161,85,76,76,46,30,36038,18046,17992
05,056,00281,000000,0000,000000,SUB-DISTRICT,Dunda,Total,12493,60283,30080,30203,8076,4192,3884,14646,7408,7238,1200,565,635,39728,23580,16148,20555,6500,14055,29556,14703,14853,22420,11533,10887,18336,8344,9992,221,159,62,236,165,71,3627,2865,762,7136,3170,3966,4378,1780,2598,472,239,233,401,130,271,1885,1021,864,5676,2473,3203,3571,1386,2185,216,127,89,338,107,231,1551,853,698,1460,697,763,807,394,413,256,112,144,63,23,40,334,168,166,30727,15377,15350
05,056,00282,000000,0000,000000,SUB-DISTRICT,Chiniyalisaur,Total,9974,49900,24443,25457,7237,3784,3453,13172,6491,6681,12,5,7,31917,18641,13276,17983,5802,12181,22832,11335,11497,16346,8436,7910,13289,5952,7337,76,37,39,91,78,13,2890,2369,521,6486,2899,3587,5028,2081,2947,365,170,195,140,34,106,953,614,339,5201,2425,2776,4045,1745,2300,230,116,114,129,33,96,797,531,266,1285,474,811,983,336,647,135,54,81,11,1,10,156,83,73,27068,13108,13960
05,056,00283,000000,0000,000000,SUB-DISTRICT,Bhatwari,Total,17529,75056,40164,34892,8976,4800,4176,9344,4852,4492,1039,525,514,55908,33356,22552,19148,6808,12340,33387,20609,12778,27600,17778,9822,13690,6091,7599,434,301,133,916,582,334,12560,10804,1756,5787,2831,2956,4093,1723,2370,304,129,175,217,117,100,1173,862,311,4247,2168,2079,2777,1200,1577,239,109,130,178,97,81,1053,762,291,1540,663,877,1316,523,793,65,20,45,39,20,19,120,100,20,41669,19555,22114
05,057,00284,000000,0000,000000,SUB-DISTRICT,Joshimath ,Total,12358,48202,27828,20374,5543,2895,2648,6481,3499,2982,7719,3812,3907,37159,23417,13742,11043,4411,6632,26035,17850,8185,19907,14727,5180,6962,3385,3577,235,174,61,1077,814,263,11633,10354,1279,6128,3123,3005,3814,1686,2128,189,140,49,819,348,471,1306,949,357,4379,2357,2022,2882,1358,1524,159,126,33,404,206,198,934,667,267,1749,766,983,932,328,604,30,14,16,415,142,273,372,282,90,22167,9978,12189
05,057,00285,000000,0000,000000,SUB-DISTRICT,Chamoli,Total,22242,99982,50525,49457,13513,7154,6359,23411,11988,11423,3467,1673,1794,71449,40209,31240,28533,10316,18217,44188,23960,20228,26750,16198,10552,14314,6347,7967,404,195,209,670,369,301,11362,9287,2075,17438,7762,9676,13023,5056,7967,759,290,469,729,341,388,2927,2075,852,13154,5913,7241,10052,3922,6130,447,162,285,463,267,196,2192,1562,630,4284,1849,2435,2971,1134,1837,312,128,184,266,74,192,735,513,222,55794,26565,29229
05,057,00286,000000,0000,000000,SUB-DISTRICT,Pokhari ,Total,8244,35890,16959,18931,4640,2449,2191,8458,4157,4301,104,52,52,25940,13796,12144,9950,3163,6787,17258,7853,9405,11184,5438,5746,7718,2828,4890,66,31,35,703,376,327,2697,2203,494,6074,2415,3659,4500,1560,2940,222,88,134,208,111,97,1144,656,488,4612,1816,2796,3425,1138,2287,190,79,111,127,80,47,870,519,351,1462,599,863,1075,422,653,32,9,23,81,31,50,274,137,137,18632,9106,9526
05,057,00287,000000,0000,000000,SUB-DISTRICT,Karnaprayag,Total,13204,56005,27368,28637,6870,3673,3197,11784,5836,5948,686,329,357,41926,22538,19388,14079,4830,9249,22735,12307,10428,12799,7883,4916,6381,2420,3961,49,31,18,177,156,21,6192,5276,916,9936,4424,5512,7994,3046,4948,232,124,108,250,125,125,1460,1129,331,7280,3360,3920,5796,2309,3487,147,81,66,190,87,103,1147,883,264,2656,1064,1592,2198,737,1461,85,43,42,60,38,22,313,246,67,33270,15061,18209
05,057,00288,000000,0000,000000,SUB-DISTRICT,Tharali  ,Total,19739,89114,42556,46558,12062,6474,5588,20195,10005,10190,148,80,68,62490,33583,28907,26624,8973,17651,41858,19523,22335,24380,12289,12091,17754,6786,10968,204,128,76,287,240,47,6135,5135,1000,17478,7234,10244,14687,5522,9165,935,406,529,164,84,80,1692,1222,470,12704,5576,7128,10555,4198,6357,614,274,340,124,63,61,1411,1041,370,4774,1658,3116,4132,1324,2808,321,132,189,40,21,19,281,181,100,47256,23033,24223
05,057,00289,000000,0000,000000,SUB-DISTRICT,Gairsain,Total,13177,62412,28755,33657,9533,4964,4569,8988,4233,4755,136,75,61,41592,21852,19740,20820,6903,13917,28866,12339,16527,20095,9031,11064,16483,6305,10178,114,64,50,201,135,66,3297,2527,770,8771,3308,5463,7527,2623,4904,436,171,265,99,59,40,709,455,254,6963,2564,4399,5930,1990,3940,389,154,235,49,36,13,595,384,211,1808,744,1064,1597,633,964,47,17,30,50,23,27,114,71,43,33546,16416,17130
05,058,00290,000000,0000,000000,SUB-DISTRICT,Ukhimath,Total,18524,87024,42614,44410,11165,5930,5235,17339,8675,8664,163,89,74,63158,34881,28277,23866,7733,16133,40695,19586,21109,32665,15692,16973,24502,8990,15512,608,262,346,511,359,152,7044,6081,963,8030,3894,4136,5663,2099,3564,365,237,128,297,167,130,1705,1391,314,6307,3052,3255,4418,1601,2817,253,153,100,236,129,107,1400,1169,231,1723,842,881,1245,498,747,112,84,28,61,38,23,305,222,83,46329,23028,23301
05,058,00291,000000,0000,000000,SUB-DISTRICT,"Rudraprayag
",Total,21497,91859,42976,48883,11664,6091,5573,17519,8571,8948,207,120,87,65908,34791,31117,25951,8185,17766,41789,19815,21974,23997,12543,11454,13693,4522,9171,703,315,388,799,510,289,8802,7196,1606,17792,7272,10520,13469,4472,8997,1141,531,610,252,162,90,2930,2107,823,13715,5598,8117,10179,3323,6856,983,454,529,206,130,76,2347,1691,656,4077,1674,2403,3290,1149,2141,158,77,81,46,32,14,583,416,167,50070,23161,26909
05,058,00292,000000,0000,000000,SUB-DISTRICT,Jakholi*,Total,13521,63402,28999,34403,9217,4802,4415,12821,6339,6482,16,8,8,41867,22131,19736,21535,6868,14667,30548,12938,17610,22288,9446,12842,18689,6556,12133,208,119,89,160,129,31,3231,2642,589,8260,3492,4768,7139,2701,4438,175,92,83,93,52,41,853,647,206,6608,2773,3835,5747,2172,3575,149,78,71,62,33,29,650,490,160,1652,719,933,1392,529,863,26,14,12,31,19,12,203,157,46,32854,16061,16793
05,059,00293,000000,0000,000000,SUB-DISTRICT,Ghansali,Total,25127,120775,54496,66279,17934,9335,8599,24539,11681,12858,38,16,22,72666,39214,33452,48109,15282,32827,57371,24070,33301,23451,12494,10957,16013,6526,9487,418,201,217,390,305,85,6630,5462,1168,33920,11576,22344,29556,9450,20106,1115,477,638,509,188,321,2740,1461,1279,22838,8213,14625,19960,6646,13314,777,350,427,386,151,235,1715,1066,649,11082,3363,7719,9596,2804,6792,338,127,211,123,37,86,1025,395,630,63404,30426,32978
05,059,00294,000000,0000,000000,SUB-DISTRICT,Devprayag,Total,22310,94441,44782,49659,11981,6333,5648,17407,8550,8857,164,97,67,62440,34302,28138,32001,10480,21521,43707,21034,22673,29401,15407,13994,18783,6553,12230,397,200,197,316,243,73,9905,8411,1494,14306,5627,8679,9945,2950,6995,718,330,388,215,123,92,3428,2224,1204,10299,4206,6093,7317,2207,5110,527,261,266,143,83,60,2312,1655,657,4007,1421,2586,2628,743,1885,191,69,122,72,40,32,1116,569,547,50734,23748,26986
05,059,00295,000000,0000,000000,SUB-DISTRICT,Pratapnagar,Total,14773,73592,34982,38610,10656,5660,4996,11863,5790,6073,31,17,14,47609,27012,20597,25983,7970,18013,34945,16545,18400,17986,10912,7074,12763,6705,6058,524,348,176,153,118,35,4546,3741,805,16959,5633,11326,13527,4055,9472,464,189,275,261,110,151,2707,1279,1428,13203,4702,8501,10756,3371,7385,287,160,127,243,101,142,1917,1070,847,3756,931,2825,2771,684,2087,177,29,148,18,9,9,790,209,581,38647,18437,20210
05,059,00296,000000,0000,000000,SUB-DISTRICT,Jakhnidhar,Total,7955,32753,14992,17761,4085,2189,1896,5896,2914,2982,70,29,41,22188,11635,10553,10565,3357,7208,15562,6872,8690,7686,4029,3657,4852,1755,3097,105,47,58,189,156,33,2540,2071,469,7876,2843,5033,6691,2156,4535,175,80,95,187,63,124,823,544,279,6030,2159,3871,5167,1649,3518,123,61,62,154,53,101,586,396,190,1846,684,1162,1524,507,1017,52,19,33,33,10,23,237,148,89,17191,8120,9071
05,059,00297,000000,0000,000000,SUB-DISTRICT,Tehri   ,Total,26919,117607,57626,59981,14924,7983,6941,17030,8472,8558,226,144,82,83285,45709,37576,34322,11917,22405,51755,28115,23640,31937,20584,11353,12319,4685,7634,1293,682,611,411,326,85,17914,14891,3023,19818,7531,12287,14556,4578,9978,711,270,441,265,125,140,4286,2558,1728,13692,5313,8379,9909,3097,6812,532,186,346,211,95,116,3040,1935,1105,6126,2218,3908,4647,1481,3166,179,84,95,54,30,24,1246,623,623,65852,29511,36341
05,059,00298,000000,0000,000000,SUB-DISTRICT,Dhanaulti,Total,12409,74083,37099,36984,11250,5797,5453,13669,6912,6757,268,107,161,47467,27548,19919,26616,9551,17065,34755,18237,16518,26844,15145,11699,21876,11418,10458,510,312,198,247,159,88,4211,3256,955,7911,3092,4819,6126,2127,3999,542,244,298,212,65,147,1031,656,375,6040,2195,3845,4654,1426,3228,449,208,241,182,57,125,755,504,251,1871,897,974,1472,701,771,93,36,57,30,8,22,276,152,124,39328,18862,20466
05,059,00299,000000,0000,000000,SUB-DISTRICT,Narendranagar,Total,23221,105680,54009,51671,13827,7337,6490,11726,6052,5674,78,49,29,72339,41986,30353,33341,12023,21318,42347,25948,16399,28607,20048,8559,10917,4767,6150,335,217,118,523,373,150,16832,14691,2141,13740,5900,7840,9197,2671,6526,822,439,383,143,84,59,3578,2706,872,9623,4351,5272,6387,1886,4501,258,158,100,95,61,34,2883,2246,637,4117,1549,2568,2810,785,2025,564,281,283,48,23,25,695,460,235,63333,28061,35272
05,060,00300,000000,0000,000000,SUB-DISTRICT,Chakrata ,Total,6158,49607,26536,23071,7766,3913,3853,19182,10013,9169,24909,12566,12343,26659,16489,10170,22948,10047,12901,24969,16046,8923,19867,13914,5953,13382,8675,4707,1020,685,335,366,184,182,5099,4370,729,5102,2132,2970,3848,1454,2394,521,277,244,157,50,107,576,351,225,4113,1776,2337,3028,1162,1866,467,266,201,115,41,74,503,307,196,989,356,633,820,292,528,54,11,43,42,9,33,73,44,29,24638,10490,14148
05,060,00301,000000,0000,000000,SUB-DISTRICT,Tyuni,Total,4715,33926,17716,16210,5613,2849,2764,8859,4672,4187,19568,10356,9212,18430,11090,7340,15496,6626,8870,14855,9086,5769,10514,7471,3043,7349,5259,2090,937,606,331,139,112,27,2089,1494,595,4341,1615,2726,2960,1029,1931,796,280,516,218,32,186,367,274,93,2933,1123,1810,1878,674,1204,558,196,362,194,23,171,303,230,73,1408,492,916,1082,355,727,238,84,154,24,9,15,64,44,20,19071,8630,10441
05,060,00302,000000,0000,000000,SUB-DISTRICT,Kalsi,Total,6421,47329,24840,22489,6742,3453,3289,15708,8261,7447,27463,14302,13161,27903,16703,11200,19426,8137,11289,23724,13983,9741,18338,11491,6847,13424,7850,5574,666,465,201,284,213,71,3964,2963,1001,5386,2492,2894,3348,1374,1974,813,451,362,124,69,55,1101,598,503,3903,1835,2068,2339,932,1407,600,349,251,84,47,37,880,507,373,1483,657,826,1009,442,567,213,102,111,40,22,18,221,91,130,23605,10857,12748
05,060,00303,000000,0000,000000,SUB-DISTRICT,Vikasnagar,Total,62160,317482,166452,151030,43489,22622,20867,39310,20687,18623,28533,15043,13490,213722,121438,92284,103760,45014,58746,99719,82773,16946,80364,68843,11521,11612,9236,2376,9843,8442,1401,2663,2102,561,56246,49063,7183,19355,13930,5425,2035,889,1146,7650,5673,1977,1202,608,594,8468,6760,1708,15210,11355,3855,1576,680,896,5972,4588,1384,741,452,289,6921,5635,1286,4145,2575,1570,459,209,250,1678,1085,593,461,156,305,1547,1125,422,217763,83679,134084
05,060,00304,000000,0000,000000,SUB-DISTRICT,"Dehradun 
",Total,213030,988007,519872,468135,106812,57060,49752,120297,63356,56941,7537,4070,3467,777430,426509,350921,210577,93363,117214,333047,268394,64653,288254,239227,49027,7275,5262,2013,5555,4655,900,11465,9144,2321,263959,220166,43793,44793,29167,15626,2251,962,1289,4672,3347,1325,2497,1268,1229,35373,23590,11783,38914,25108,13806,1987,821,1166,3676,2609,1067,1998,1052,946,31253,20626,10627,5879,4059,1820,264,141,123,996,738,258,499,216,283,4120,2964,1156,654960,251478,403482
05,060,00305,000000,0000,000000,SUB-DISTRICT,"Rishikesh
",Total,54517,260343,136783,123560,31230,16849,14381,25545,13441,12104,3653,1927,1726,195362,109987,85375,64981,26796,38185,86454,68552,17902,70824,58749,12075,7331,4887,2444,2403,1994,409,3043,2239,804,58047,49629,8418,15630,9803,5827,2361,925,1436,3319,2350,969,834,386,448,9116,6142,2974,13026,8230,4796,1776,708,1068,2447,1788,659,721,333,388,8082,5401,2681,2604,1573,1031,585,217,368,872,562,310,113,53,60,1034,741,293,173889,68231,105658
05,061,00306,000000,0000,000000,SUB-DISTRICT,Srinagar,Total,12828,53689,27185,26504,5896,3134,2762,9471,4773,4698,145,79,66,42345,22701,19644,11344,4484,6860,18963,12824,6139,13785,10433,3352,2441,949,1492,200,149,51,400,303,97,10744,9032,1712,5178,2391,2787,2648,868,1780,489,264,225,277,122,155,1764,1137,627,4183,1947,2236,2181,695,1486,356,211,145,207,98,109,1439,943,496,995,444,551,467,173,294,133,53,80,70,24,46,325,194,131,34726,14361,20365
05,061,00307,000000,0000,000000,SUB-DISTRICT,Pauri,Total,34134,135718,63578,72140,15757,8327,7430,31925,15449,16476,289,159,130,97811,51624,46187,37907,11954,25953,59962,29113,30849,33352,18717,14635,16677,5383,11294,649,428,221,335,286,49,15691,12620,3071,26610,10396,16214,19990,6244,13746,1167,476,691,240,137,103,5213,3539,1674,17786,7159,10627,12979,3995,8984,923,388,535,175,111,64,3709,2665,1044,8824,3237,5587,7011,2249,4762,244,88,156,65,26,39,1504,874,630,75756,34465,41291
05,061,00308,000000,0000,000000,SUB-DISTRICT,THALISAIN,Total,19679,92286,41776,50510,13729,7075,6654,13864,6531,7333,42,27,15,58128,30967,27161,34158,10809,23349,44251,18823,25428,29105,13700,15405,23087,9091,13996,378,152,226,448,274,174,5192,4183,1009,15146,5123,10023,13122,4131,8991,802,338,464,92,47,45,1130,607,523,11232,3663,7569,9612,2895,6717,695,304,391,67,36,31,858,428,430,3914,1460,2454,3510,1236,2274,107,34,73,25,11,14,272,179,93,48035,22953,25082
05,061,00309,000000,0000,000000,SUB-DISTRICT,Dhoomakot,Total,9600,39230,17661,21569,4828,2464,2364,7114,3470,3644,12,6,6,26458,13838,12620,12772,3823,8949,17687,7892,9795,8025,4373,3652,5296,2282,3014,189,111,78,228,160,68,2312,1820,492,9662,3519,6143,7271,2445,4826,1022,363,659,152,83,69,1217,628,589,6145,2331,3814,4605,1597,3008,747,259,488,89,51,38,704,424,280,3517,1188,2329,2666,848,1818,275,104,171,63,32,31,513,204,309,21543,9769,11774
05,061,00310,000000,0000,000000,SUB-DISTRICT,Lansdowne,Total,18832,77621,36674,40947,9176,4697,4479,15708,7677,8031,75,47,28,54868,29648,25220,22753,7026,15727,32626,16667,15959,17616,10313,7303,9044,3464,5580,391,212,179,437,284,153,7744,6353,1391,15010,6354,8656,10114,3466,6648,955,528,427,341,135,206,3600,2225,1375,9194,4099,5095,5777,2057,3720,628,362,266,236,89,147,2553,1591,962,5816,2255,3561,4337,1409,2928,327,166,161,105,46,59,1047,634,413,44995,20007,24988
05,061,00311,000000,0000,000000,SUB-DISTRICT,Satpuli,Total,8106,31494,14893,16601,3625,1913,1712,6644,3193,3451,41,20,21,22736,11967,10769,8758,2926,5832,13570,7048,6522,6908,4228,2680,2934,1173,1761,156,86,70,190,120,70,3628,2849,779,6662,2820,3842,4397,1478,2919,409,158,251,408,162,246,1448,1022,426,4677,2019,2658,3027,1099,1928,311,119,192,390,152,238,949,649,300,1985,801,1184,1370,379,991,98,39,59,18,10,8,499,373,126,17924,7845,10079
05,061,00312,000000,0000,000000,SUB-DISTRICT,Chaubattakhal,Total,9539,38436,17190,21246,4495,2326,2169,6824,3195,3629,5,4,1,26862,13889,12973,11574,3301,8273,18129,7713,10416,8217,4343,3874,5045,1885,3160,213,119,94,148,93,55,2811,2246,565,9912,3370,6542,8498,2573,5925,448,165,283,59,33,26,907,599,308,6590,2237,4353,5671,1689,3982,362,141,221,38,20,18,519,387,132,3322,1133,2189,2827,884,1943,86,24,62,21,13,8,388,212,176,20307,9477,10830
05,061,00313,000000,0000,000000,SUB-DISTRICT,"Kotdwara
",Total,39216,175232,86530,88702,21289,11411,9878,24514,12422,12092,1515,791,724,134107,70219,63888,41125,16311,24814,50675,37134,13541,35768,28738,7030,4660,2577,2083,1411,1010,401,985,799,186,28712,24352,4360,14907,8396,6511,6071,2396,3675,2908,1772,1136,547,227,320,5381,4001,1380,11777,6819,4958,4578,1907,2671,2276,1363,913,418,180,238,4505,3369,1136,3130,1577,1553,1493,489,1004,632,409,223,129,47,82,876,632,244,124557,49396,75161
05,061,00314,000000,0000,000000,SUB-DISTRICT,Yamkeshwar,Total,9844,43565,21342,22223,5106,2708,2398,6297,3132,3165,91,41,50,31574,17295,14279,11991,4047,7944,18289,10159,8130,11663,7200,4463,6069,2679,3390,567,329,238,254,206,48,4773,3986,787,6626,2959,3667,3243,1137,2106,1361,649,712,94,40,54,1928,1133,795,4992,2280,2712,2141,724,1417,1137,568,569,75,27,48,1639,961,678,1634,679,955,1102,413,689,224,81,143,19,13,6,289,172,117,25276,11183,14093
05,062,00315,000000,0000,000000,SUB-DISTRICT,Munsiari,Total,11285,46523,22889,23634,6090,3233,2857,10008,5003,5005,6998,3362,3636,30424,17405,13019,16099,5484,10615,23488,12064,11424,15233,8242,6991,9839,4287,5552,106,69,37,824,269,555,4464,3617,847,8255,3822,4433,5448,2211,3237,154,69,85,613,143,470,2040,1399,641,5907,2785,3122,3886,1530,2356,111,56,55,473,133,340,1437,1066,371,2348,1037,1311,1562,681,881,43,13,30,140,10,130,603,333,270,23035,10825,12210
05,062,00316,000000,0000,000000,SUB-DISTRICT,Dharchula,Total,14714,65689,33240,32449,9325,4901,4424,13002,6419,6583,9433,4644,4789,44585,25894,18691,21104,7346,13758,34980,18138,16842,19669,11446,8223,10609,4369,6240,587,308,279,949,419,530,7524,6350,1174,15311,6692,8619,10636,4249,6387,499,250,249,1025,312,713,3151,1881,1270,11682,5085,6597,8149,3188,4961,373,180,193,649,207,442,2511,1510,1001,3629,1607,2022,2487,1061,1426,126,70,56,376,105,271,640,371,269,30709,15102,15607
05,062,00317,000000,0000,000000,SUB-DISTRICT,Didihat,Total,19624,80411,39725,40686,9799,5467,4332,21507,10694,10813,1094,538,556,58479,32147,26332,21932,7578,14354,36378,18998,17380,23562,13132,10430,14692,5821,8871,179,123,56,347,269,78,8344,6919,1425,12816,5866,6950,9462,3293,6169,659,425,234,196,140,56,2499,2008,491,9748,4406,5342,7162,2360,4802,432,301,131,156,125,31,1998,1620,378,3068,1460,1608,2300,933,1367,227,124,103,40,15,25,501,388,113,44033,20727,23306
05,062,00318,000000,0000,000000,SUB-DISTRICT,Berinag,Total,12386,52069,25121,26948,6773,3750,3023,17005,8433,8572,407,194,213,37036,19801,17235,15033,5320,9713,20970,10538,10432,15955,8283,7672,10823,4383,6440,480,152,328,117,82,35,4535,3666,869,5015,2255,2760,3630,1150,2480,144,115,29,45,26,19,1196,964,232,4156,1862,2294,3097,1000,2097,115,90,25,27,20,7,917,752,165,859,393,466,533,150,383,29,25,4,18,6,12,279,212,67,31099,14583,16516
05,062,00319,000000,0000,000000,SUB-DISTRICT,Gangolihat,Total,16412,71946,34419,37527,10154,5429,4725,22489,11243,11246,25,12,13,48097,26345,21752,23849,8074,15775,33549,15606,17943,20196,9756,10440,14859,5587,9272,412,284,128,437,267,170,4488,3618,870,13353,5850,7503,10590,4164,6426,938,484,454,632,267,365,1193,935,258,9600,4250,5350,7273,2797,4476,702,399,303,589,239,350,1036,815,221,3753,1600,2153,3317,1367,1950,236,85,151,43,28,15,157,120,37,38397,18813,19584
05,062,00320,000000,0000,000000,SUB-DISTRICT,"Pithoragarh
",Total,40309,166801,83912,82889,21152,12073,9079,36367,18319,18048,1578,808,770,126929,68031,58898,39872,15881,23991,67125,38195,28930,50866,29526,21340,26367,9330,17037,440,282,158,625,483,142,23434,19431,4003,16259,8669,7590,10377,4126,6251,834,522,312,245,182,63,4803,3839,964,12248,6500,5748,7584,2918,4666,642,413,229,194,147,47,3828,3022,806,4011,2169,1842,2793,1208,1585,192,109,83,51,35,16,975,817,158,99676,45717,53959
05,063,00321,000000,0000,000000,SUB-DISTRICT,Kapkot,Total,13909,64894,31064,33830,9599,4896,4703,14707,7215,7492,950,451,499,41654,23366,18288,23240,7698,15542,31460,14883,16577,20684,10207,10477,16168,6949,9219,944,408,536,359,247,112,3213,2603,610,10776,4676,6100,8287,3306,4981,1138,599,539,640,237,403,711,534,177,9016,3885,5131,7053,2787,4266,744,394,350,598,226,372,621,478,143,1760,791,969,1234,519,715,394,205,189,42,11,31,90,56,34,33434,16181,17253
05,063,00322,000000,0000,000000,SUB-DISTRICT,Kanda,Total,6342,26272,12354,13918,3560,1844,1716,8278,4129,4149,256,119,137,17970,9571,8399,8302,2783,5519,14023,6200,7823,9344,3994,5350,7036,2245,4791,207,152,55,283,147,136,1818,1450,368,4679,2206,2473,3611,1445,2166,396,302,94,171,43,128,501,416,85,3491,1497,1994,2766,1011,1755,358,278,80,151,32,119,216,176,40,1188,709,479,845,434,411,38,24,14,20,11,9,285,240,45,12249,6154,6095
05,063,00323,000000,0000,000000,SUB-DISTRICT,Bageshwar,Total,22603,100103,49096,51007,12769,6873,5896,29592,15028,14564,491,263,228,71947,39455,32492,28156,9641,18515,46971,23652,23319,34446,17227,17219,24193,8879,15314,943,558,385,557,466,91,8753,7324,1429,12525,6425,6100,7033,2708,4325,2201,1178,1023,392,244,148,2899,2295,604,9720,4966,4754,5256,1921,3335,1922,1050,872,272,181,91,2270,1814,456,2805,1459,1346,1777,787,990,279,128,151,120,63,57,629,481,148,53132,25444,27688
05,063,00324,000000,0000,000000,SUB-DISTRICT,Garud,Total,15192,68629,31812,36817,9632,5066,4566,19484,9251,10233,285,138,147,47912,25154,22758,20717,6658,14059,31184,13973,17211,13611,7406,6205,6659,2088,4571,639,391,248,449,236,213,5864,4691,1173,17573,6567,11006,12138,3469,8669,2517,1154,1363,140,69,71,2778,1875,903,13354,5184,8170,9345,2706,6639,1893,915,978,94,57,37,2022,1506,516,4219,1383,2836,2793,763,2030,624,239,385,46,12,34,756,369,387,37445,17839,19606
05,064,00325,000000,0000,000000,SUB-DISTRICT,BHIKIYASAIN,Total,16994,70487,30555,39932,8483,4394,4089,11830,5337,6493,32,16,16,47823,24168,23655,22664,6387,16277,43475,17784,25691,25340,10251,15089,20641,6769,13872,441,197,244,302,193,109,3956,3092,864,18135,7533,10602,16421,6499,9922,339,173,166,239,142,97,1136,719,417,10109,3816,6293,9006,3132,5874,233,119,114,120,68,52,750,497,253,8026,3717,4309,7415,3367,4048,106,54,52,119,74,45,386,222,164,27012,12771,14241
05,064,00326,000000,0000,000000,SUB-DISTRICT,Chaukhutiya,Total,10832,46051,20047,26004,5939,3066,2873,8971,3967,5004,42,19,23,32377,15994,16383,13674,4053,9621,24754,10048,14706,18057,7301,10756,13629,4143,9486,685,318,367,218,164,54,3525,2676,849,6697,2747,3950,5416,2005,3411,466,172,294,65,55,10,750,515,235,4562,1739,2823,3583,1175,2408,357,137,220,53,46,7,569,381,188,2135,1008,1127,1833,830,1003,109,35,74,12,9,3,181,134,47,21297,9999,11298
05,064,00327,000000,0000,000000,SUB-DISTRICT,Sult,Total,12778,57126,25503,31623,7823,4050,3773,11362,5387,5975,6,3,3,37006,19257,17749,20120,6246,13874,27180,11034,16146,21696,9127,12569,18880,7045,11835,195,71,124,168,108,60,2453,1903,550,5484,1907,3577,4749,1431,3318,156,73,83,63,35,28,516,368,148,4038,1286,2752,3465,935,2530,124,52,72,49,24,25,400,275,125,1446,621,825,1284,496,788,32,21,11,14,11,3,116,93,23,29946,14469,15477
05,064,00328,000000,0000,000000,SUB-DISTRICT,Ranikhet,Total,22316,100124,49720,50404,12494,6601,5893,24606,12033,12573,184,94,90,75252,41223,34029,24872,8497,16375,46617,25877,20740,30451,19426,11025,14035,5288,8747,324,215,109,367,225,142,15725,13698,2027,16166,6451,9715,12572,3986,8586,1006,440,566,105,72,33,2483,1953,530,11059,4416,6643,8251,2360,5891,651,339,312,85,55,30,2072,1662,410,5107,2035,3072,4321,1626,2695,355,101,254,20,17,3,411,291,120,53507,23843,29664
05,064,00329,000000,0000,000000,SUB-DISTRICT,Dwarahat,Total,13087,55068,24372,30696,6790,3561,3229,13929,6443,7486,71,26,45,38379,19316,19063,16689,5056,11633,26073,11212,14861,19417,8562,10855,13572,4322,9250,558,248,310,443,241,202,4844,3751,1093,6656,2650,4006,4174,1391,2783,737,271,466,387,149,238,1358,839,519,4816,1861,2955,3064,970,2094,574,221,353,302,109,193,876,561,315,1840,789,1051,1110,421,689,163,50,113,85,40,45,482,278,204,28995,13160,15835
05,064,00330,000000,0000,000000,SUB-DISTRICT,Almora,Total,36357,164563,80913,83650,19628,10238,9390,44586,22423,22163,795,399,396,122825,66531,56294,41738,14382,27356,64755,37557,27198,44746,28236,16510,19224,7396,11828,643,422,221,845,635,210,24034,19783,4251,20009,9321,10688,12875,4283,8592,1625,910,715,551,232,319,4958,3896,1062,15688,7284,8404,9916,3258,6658,1409,804,605,436,182,254,3927,3040,887,4321,2037,2284,2959,1025,1934,216,106,110,115,50,65,1031,856,175,99808,43356,56452
05,064,00331,000000,0000,000000,SUB-DISTRICT,Someshwar,Total,9697,40282,18214,22068,5324,2762,2562,12720,5931,6789,82,38,44,27569,14380,13189,12713,3834,8879,19130,8114,11016,9495,4777,4718,5418,1570,3848,634,339,295,108,89,19,3335,2779,556,9635,3337,6298,6992,1837,5155,1576,687,889,55,35,20,1012,778,234,7757,2650,5107,5519,1343,4176,1332,601,731,46,31,15,860,675,185,1878,687,1191,1473,494,979,244,86,158,9,4,5,152,103,49,21152,10100,11052
05,064,00332,000000,0000,000000,SUB-DISTRICT,Jainti,Total,6349,30981,14809,16172,4761,2444,2317,7583,3767,3816,46,25,21,19708,11182,8526,11273,3627,7646,16513,7600,8913,12055,5289,6766,10300,3896,6404,291,213,78,100,83,17,1364,1097,267,4458,2311,2147,3514,1601,1913,115,55,60,67,46,21,762,609,153,3042,1560,1482,2349,1049,1300,94,40,54,46,37,9,553,434,119,1416,751,665,1165,552,613,21,15,6,21,9,12,209,175,34,14468,7209,7259
05,064,00333,000000,0000,000000,SUB-DISTRICT,Bhanoli,Total,12167,57824,26948,30876,8840,4556,4284,15408,7407,8001,23,13,10,35558,19553,16005,22266,7395,14871,29714,13234,16480,19821,9252,10569,16430,6599,9831,254,128,126,172,140,32,2965,2385,580,9893,3982,5911,8775,3196,5579,229,126,103,57,44,13,832,616,216,7223,2781,4442,6380,2192,4188,190,101,89,45,40,5,608,448,160,2670,1201,1469,2395,1004,1391,39,25,14,12,4,8,224,168,56,28110,13714,14396
05,065,00334,000000,0000,000000,SUB-DISTRICT,Champawat,Total,11902,54524,27767,26757,8133,4387,3746,7786,4003,3783,264,196,68,36571,21517,15054,17953,6250,11703,21900,12735,9165,14895,9645,5250,8413,4527,3886,431,252,179,134,109,25,5917,4757,1160,7005,3090,3915,5256,2115,3141,622,265,357,58,35,23,1069,675,394,5316,2263,3053,3938,1414,2524,428,231,197,46,28,18,904,590,314,1689,827,862,1318,701,617,194,34,160,12,7,5,165,85,80,32624,15032,17592
05,065,00335,000000,0000,000000,SUB-DISTRICT,Pati,Total,8467,45504,23038,22466,7022,3607,3415,8058,4239,3819,5,0,5,31092,18254,12838,14412,4784,9628,18335,10443,7892,11078,6925,4153,8054,4594,3460,214,157,57,121,102,19,2689,2072,617,7257,3518,3739,6414,2981,3433,247,131,116,107,42,65,489,364,125,5262,2786,2476,4536,2308,2228,188,110,78,103,40,63,435,328,107,1995,732,1263,1878,673,1205,59,21,38,4,2,2,54,36,18,27169,12595,14574
05,065,00336,000000,0000,000000,SUB-DISTRICT,Lohaghat,Total,18449,86477,42501,43976,12361,6639,5722,17786,8922,8864,127,65,62,58706,33259,25447,27771,9242,18529,34918,18792,16126,17492,11239,6253,10675,5822,4853,309,239,70,285,230,55,6223,4948,1275,17426,7553,9873,14778,5714,9064,625,314,311,320,170,150,1703,1355,348,13273,5852,7421,11124,4312,6812,448,247,201,261,138,123,1440,1155,285,4153,1701,2452,3654,1402,2252,177,67,110,59,32,27,263,200,63,51559,23709,27850
05,065,00337,000000,0000,000000,SUB-DISTRICT,Poornagiri,Total,15135,73143,37819,35324,9512,5133,4379,13753,7024,6729,943,516,427,51357,28985,22372,21786,8834,12952,24413,18457,5956,19233,15443,3790,4829,2898,1931,1026,785,241,371,289,82,13007,11471,1536,5180,3014,2166,1574,776,798,558,332,226,174,85,89,2874,1821,1053,3670,2180,1490,910,427,483,472,276,196,140,62,78,2148,1415,733,1510,834,676,664,349,315,86,56,30,34,23,11,726,406,320,48730,19362,29368
05,066,00338,000000,0000,000000,SUB-DISTRICT,Kosya Kutauli,Total,6480,31557,15657,15900,4081,2086,1995,10016,5064,4952,62,30,32,23461,12818,10643,8096,2839,5257,16124,8240,7884,12556,6672,5884,9063,4105,4958,398,245,153,183,65,118,2912,2257,655,3568,1568,2000,2591,1113,1478,316,156,160,46,20,26,615,279,336,2775,1206,1569,1978,854,1124,229,107,122,32,15,17,536,230,306,793,362,431,613,259,354,87,49,38,14,5,9,79,49,30,15433,7417,8016
05,066,00339,000000,0000,000000,SUB-DISTRICT,Betalghat,Total,4357,21265,10421,10844,3125,1614,1511,6553,3285,3268,9,8,1,14648,8221,6427,6617,2200,4417,10219,5045,5174,7320,3842,3478,5499,2509,2990,126,78,48,40,29,11,1655,1226,429,2899,1203,1696,2083,733,1350,256,137,119,39,21,18,521,312,209,2057,831,1226,1480,498,982,175,105,70,24,11,13,378,217,161,842,372,470,603,235,368,81,32,49,15,10,5,143,95,48,11046,5376,5670
05,066,00340,000000,0000,000000,SUB-DISTRICT,Nainital,Total,31590,150389,78365,72024,17539,9159,8380,41972,21764,20208,593,324,269,118484,65609,52875,31905,12756,19149,62824,41335,21489,50464,35192,15272,20255,11008,9247,1296,1004,292,800,579,221,28113,22601,5512,12360,6143,6217,5778,2040,3738,1241,772,469,738,230,508,4603,3101,1502,9196,4627,4569,3917,1324,2593,943,578,365,483,131,352,3853,2594,1259,3164,1516,1648,1861,716,1145,298,194,104,255,99,156,750,507,243,87565,37030,50535
05,066,00341,000000,0000,000000,SUB-DISTRICT,Dhari,Total,13836,78733,40137,38596,13405,6932,6473,22839,11919,10920,56,29,27,52203,30277,21926,26530,9860,16670,45056,23013,22043,28317,16511,11806,23250,13055,10195,568,396,172,318,110,208,4181,2950,1231,16739,6502,10237,14760,5210,9550,356,228,128,114,60,54,1509,1004,505,9734,3239,6495,8407,2330,6077,261,165,96,63,36,27,1003,708,295,7005,3263,3742,6353,2880,3473,95,63,32,51,24,27,506,296,210,33677,17124,16553
05,066,00342,000000,0000,000000,SUB-DISTRICT,"Haldwani
",Total,74275,364129,189640,174489,45002,23862,21140,48528,25127,23401,2591,1300,1291,270832,147186,123646,93297,42454,50843,123021,96673,26348,108636,87644,20992,13859,8835,5024,6892,4461,2431,3058,2309,749,84827,72039,12788,14385,9029,5356,2005,660,1345,3104,1770,1334,661,332,329,8615,6267,2348,12359,7732,4627,1707,574,1133,2603,1456,1147,537,278,259,7512,5424,2088,2026,1297,729,298,86,212,501,314,187,124,54,70,1103,843,260,241108,92967,148141
05,066,00343,000000,0000,000000,SUB-DISTRICT,Ramnagar,Total,29914,153738,78928,74810,20951,11023,9928,35617,18332,17285,3783,1859,1924,104919,58408,46511,48819,20520,28299,52540,39886,12654,38761,32103,6658,8349,6275,2074,5449,4119,1330,1174,947,227,23789,20762,3027,13779,7783,5996,3037,1159,1878,5029,2684,2345,593,259,334,5120,3681,1439,10444,6179,4265,2069,818,1251,3653,2042,1611,375,166,209,4347,3153,1194,3335,1604,1731,968,341,627,1376,642,734,218,93,125,773,528,245,101198,39042,62156
05,066,00344,000000,0000,000000,SUB-DISTRICT,Kaladhungi,Total,12016,60070,30842,29228,7841,4098,3743,11841,6060,5781,113,84,29,43435,24027,19408,16635,6815,9820,26623,16776,9847,20590,14008,6582,10800,6737,4063,2813,1849,964,503,306,197,6474,5116,1358,6033,2768,3265,2240,612,1628,1983,1116,867,107,31,76,1703,1009,694,4429,1977,2452,1449,325,1124,1442,794,648,82,24,58,1456,834,622,1604,791,813,791,287,504,541,322,219,25,7,18,247,175,72,33447,14066,19381
05,066,00345,000000,0000,000000,SUB-DISTRICT,Lalkuan,Total,18915,94724,49676,45048,12328,6563,5765,13840,7273,6567,288,167,121,68518,39233,29285,26206,10443,15763,39774,25967,13807,29780,21409,8371,10146,5045,5101,2076,1166,910,797,513,284,16761,14685,2076,9994,4558,5436,3815,1112,2703,2839,1281,1558,596,184,412,2744,1981,763,7811,3727,4084,2428,780,1648,2466,1083,1383,506,133,373,2411,1731,680,2183,831,1352,1387,332,1055,373,198,175,90,51,39,333,250,83,54950,23709,31241
05,067,00346,000000,0000,000000,SUB-DISTRICT,Kashipur,Total,53432,283136,148747,134389,38936,20722,18214,48961,25679,23282,573,319,254,189685,108117,81568,93451,40630,52821,91171,75625,15546,76009,66226,9783,7772,7148,624,10732,8952,1780,2771,1580,1191,54734,48546,6188,15162,9399,5763,820,491,329,5941,3634,2307,1114,315,799,7287,4959,2328,13167,8291,4876,709,450,259,5183,3227,1956,889,250,639,6386,4364,2022,1995,1108,887,111,41,70,758,407,351,225,65,160,901,595,306,191965,73122,118843
05,067,00347,000000,0000,000000,SUB-DISTRICT,Jaspur,Total,31022,170315,89117,81198,23902,12725,11177,27962,14685,13277,29,14,15,107739,62435,45304,62576,26682,35894,61916,46720,15196,46094,38761,7333,10948,9981,967,11751,9439,2312,2399,1028,1371,20996,18313,2683,15822,7959,7863,1443,606,837,7352,4086,3266,2192,528,1664,4835,2739,2096,11303,6356,4947,838,364,474,4949,3253,1696,1379,307,1072,4137,2432,1705,4519,1603,2916,605,242,363,2403,833,1570,813,221,592,698,307,391,108399,42397,66002
05,067,00348,000000,0000,000000,SUB-DISTRICT,Bajpur,Total,34323,188083,98194,89889,28333,14847,13486,27454,14388,13066,14699,7369,7330,106123,62884,43239,81960,35310,46650,61574,49464,12110,48764,42108,6656,11686,10533,1153,19821,16661,3160,1163,898,265,16094,14016,2078,12810,7356,5454,1697,698,999,7260,4258,3002,574,226,348,3279,2174,1105,10612,6495,4117,1332,580,752,5928,3779,2149,479,198,281,2873,1938,935,2198,861,1337,365,118,247,1332,479,853,95,28,67,406,236,170,126509,48730,77779
05,067,00349,000000,0000,000000,SUB-DISTRICT,Kichha,Total,74194,390866,205764,185102,56540,29569,26971,65143,34012,31131,1710,883,827,241522,140041,101481,149344,65723,83621,130425,104778,25647,107934,91294,16640,8554,7632,922,16939,13730,3209,4111,2882,1229,78330,67050,11280,22491,13484,9007,1042,580,462,6356,3859,2497,1422,480,942,13671,8565,5106,18458,11317,7141,745,450,295,5143,3227,1916,1071,372,699,11499,7268,4231,4033,2167,1866,297,130,167,1213,632,581,351,108,243,2172,1297,875,260441,100986,159455
05,067,00350,000000,0000,000000,SUB-DISTRICT,Gadarpur,Total,33800,174848,90831,84017,25239,13143,12096,16653,8762,7891,14657,7488,7169,106615,62017,44598,68233,28814,39419,67934,49105,18829,51037,41299,9738,10708,9610,1098,21683,16329,5354,1405,984,421,17241,14376,2865,16897,7806,9091,1539,686,853,11635,5537,6098,993,222,771,2730,1361,1369,12600,6345,6255,1116,496,620,8816,4630,4186,689,143,546,1979,1076,903,4297,1461,2836,423,190,233,2819,907,1912,304,79,225,751,285,466,106914,41726,65188
05,067,00351,000000,0000,000000,SUB-DISTRICT,Sitarganj,Total,38888,214428,110764,103664,27938,14608,13330,21271,11077,10194,37677,18946,18731,134180,77541,56639,80248,33223,47025,79548,58380,21168,60181,48610,11571,21231,18225,3006,17852,13053,4799,2036,1077,959,19062,16255,2807,19367,9770,9597,3691,1317,2374,8555,4907,3648,1693,366,1327,5428,3180,2248,15083,7857,7226,2805,1017,1788,6599,3964,2635,1327,276,1051,4352,2600,1752,4284,1913,2371,886,300,586,1956,943,1013,366,90,276,1076,580,496,134880,52384,82496
05,067,00352,000000,0000,000000,SUB-DISTRICT,"Khatima
",Total,42922,227226,115366,111860,28274,15073,13201,30820,15782,15038,53692,26739,26953,151975,85490,66485,75251,29876,45375,98890,60506,38384,60743,44763,15980,23778,16515,7263,8825,5836,2989,2618,1331,1287,25522,21081,4441,38147,15743,22404,17777,5725,12052,10548,4972,5576,1905,617,1288,7917,4429,3488,27546,11515,16031,12644,3691,8953,7484,3882,3602,1510,507,1003,5908,3435,2473,10601,4228,6373,5133,2034,3099,3064,1090,1974,395,110,285,2009,994,1015,128336,54860,73476
05,068,00353,000000,0000,000000,SUB-DISTRICT,Roorkee,Total,172335,996344,531481,464863,151761,81074,70687,220147,117242,102905,1735,929,806,608021,359573,248448,388323,171908,216415,297663,258770,38893,256318,228590,27728,45347,42825,2522,42491,38466,4025,9527,6990,2537,158953,140309,18644,41345,30180,11165,2059,1449,610,13088,10708,2380,3070,1511,1559,23128,16512,6616,35405,25768,9637,1704,1250,454,10893,9034,1859,2538,1213,1325,20270,14271,5999,5940,4412,1528,355,199,156,2195,1674,521,532,298,234,2858,2241,617,698681,272711,425970
05,068,00354,000000,0000,000000,SUB-DISTRICT,Hardwar,Total,125249,657829,348763,309066,95738,50621,45117,133086,70129,62957,4524,2419,2105,430300,247794,182506,227529,100969,126560,209806,178283,31523,178939,157617,21322,19093,17302,1791,17981,16021,1960,4130,3453,677,137735,120841,16894,30867,20666,10201,2062,868,1194,9204,5703,3501,1043,535,508,18558,13560,4998,25731,17602,8129,1709,776,933,6903,4416,2487,841,439,402,16278,11971,4307,5136,3064,2072,353,92,261,2301,1287,1014,202,96,106,2280,1589,691,448023,170480,277543
05,068,00355,000000,0000,000000,SUB-DISTRICT,"Laksar
",Total,40520,236249,125051,111198,38194,20478,17716,58041,30610,27431,64,37,27,140033,84044,55989,96216,41007,55209,70652,60757,9895,59895,54215,5680,23510,21625,1885,15481,13964,1517,1267,991,276,19637,17635,2002,10757,6542,4215,1589,666,923,4870,3177,1693,918,354,564,3380,2345,1035,9126,5640,3486,1124,475,649,4224,2794,1430,870,334,536,2908,2037,871,1631,902,729,465,191,274,646,383,263,48,20,28,472,308,164,165597,64294,101303
